{"lr": 0.0002999999811386822, "train loss": 4056434410.6666665, "valid loss": 4044098986.6666665, "_timestamp": 1678813073.776544, "_runtime": 16.06163716316223, "_step": 0, "_wandb": {"runtime": 19}}