{"lr": 0.00029999998111981946, "train loss": 82565123.83333333, "valid loss": 89014115.55555555, "_timestamp": 1678814383.475771, "_runtime": 17.964256048202515, "_step": 0}