{"lr": 0.00029999998111981946, "train loss": 83045629.33333333, "valid loss": 88940326.22222222, "_timestamp": 1678814329.8751402, "_runtime": 18.429657220840454, "_step": 0, "_wandb": {"runtime": 15}}