{"lr": 0.00029999998111981946, "train loss": 4056431141.3333335, "valid loss": 4044064768.0, "_timestamp": 1678813178.074352, "_runtime": 17.44335412979126, "_step": 0, "_wandb": {"runtime": 16}}