{"running train loss": 0.001444512905436568, "running learning rate": 0.0002999999999160628, "training ssim": 0.014296208508312702, "training psnr": 4.7406439781188965, "_timestamp": 1678817413.381939, "_runtime": 15.175098896026611, "_step": 31}