{"lr": 0.00029999998111981946, "train loss": 4056430837.3333335, "valid loss": 4044069063.111111, "_timestamp": 1678813278.29724, "_runtime": 19.632864952087402, "_step": 0, "_wandb": {"runtime": 50}}