{"running train loss": 0.0015172893909038976, "running learning rate": 0.0002999999998111414, "training ssim": 0.01809440739452839, "training psnr": 4.766971588134766, "_timestamp": 1678817331.795825, "_runtime": 16.48756694793701, "_step": 47}