{"lr": 0.0002999999811386822, "train loss": 4056433941.3333335, "valid loss": 4044092330.6666665, "_timestamp": 1678813130.868772, "_runtime": 17.15883994102478, "_step": 0}